<?xml version="1.0" encoding="UTF-8"?>
<!DOCTYPE fontscolors PUBLIC "-//NetBeans//DTD Editor Fonts and Colors settings 1.1//EN" "http://www.netbeans.org/dtds/EditorFontsColors-1_1.dtd">
<fontscolors>
    <fontcolor foreColor="ff2aa198" name="PHP_VARIABLE"/>
    <fontcolor foreColor="ffdc322f" name="mod-method">
        <font style="bold"/>
    </fontcolor>
    <fontcolor default="uncovered" name="uncovered"/>
    <fontcolor name="mod-private"/>
    <fontcolor name="mod-protected"/>
    <fontcolor default="identifier" foreColor="ff268bd2" name="PHP_STRING"/>
    <fontcolor name="mod-deprecated" strikeThrough="darkGray"/>
    <fontcolor bgColor="ff859900" foreColor="ff002b36" name="mark-occurrences"/>
    <fontcolor name="mod-abstract"/>
    <fontcolor default="field" name="mod-field"/>
    <fontcolor foreColor="ff268bd2" name="heredocdelimiter"/>
    <fontcolor foreColor="ffdc322f" name="phpopenclose"/>
    <fontcolor default="covered" name="covered"/>
    <fontcolor foreColor="white" name="PHP_CONTENT"/>
    <fontcolor name="mod-public"/>
    <fontcolor name="mod-constructor">
        <font style="bold"/>
    </fontcolor>
    <fontcolor name="mod-local-variable"/>
    <fontcolor default="constant" foreColor="ffb58900" name="constant">
        <font style="italic"/>
    </fontcolor>
    <fontcolor foreColor="ff2aa198" name="mod-parameter"/>
    <fontcolor default="keyword" name="keyword"/>
    <fontcolor name="mod-static">
        <font style="italic"/>
    </fontcolor>
    <fontcolor default="partial" name="partial"/>
    <fontcolor default="inferred" name="inferred"/>
    <fontcolor default="operator" name="operator"/>
    <fontcolor foreColor="white" name="T_INLINE_HTML"/>
    <fontcolor foreColor="ff6c71c4" name="mod-class">
        <font style="bold"/>
    </fontcolor>
    <fontcolor name="mod-unused" waveUnderlined="magenta"/>
    <fontcolor default="string" name="string"/>
    <fontcolor default="comment" name="phpdockeyword">
        <font style="bold"/>
    </fontcolor>
    <fontcolor default="comment" foreColor="ff657b83" name="comment"/>
    <fontcolor default="identifier" name="identifier"/>
    <fontcolor default="separator" name="separator"/>
</fontscolors>
